deepseek-ai/DeepSeek-R1,gpt-5,OpenAI/gpt-oss-20B,gpt-5-mini,Qwen/Qwen3.5-397B-A17B
"Based on the transcript of Alice's actions and the ingredient lists for the recipes, Alice is attempting to cook Recipe 3. 

### Reasoning:
1. **Soaking Action**: Alice soaks ""1 1/2 ounces hijiki"" and ""5 large"" (interpreted as shiitake mushrooms, commonly soaked when dried), which are ingredients present in all recipes. This step does not differentiate the recipes.
   
2. **Slicing Action**: Alice slices ""the soaked hijiki"" but produces ""sliced shiitakes."" This inconsistency suggests a possible transcription error, as shiitakes are typically sliced after soaking, not hijiki (a seaweed). However, this action does not provide strong differentiation, as shiitakes are in all recipes.

3. **Heating Action**: Alice heats ""2 tablespoons extra virgin olive oil,"" an ingredient common to all recipes.

4. **Salt Addition and Shock**: Alice mixes in ""Salt if necessary"" and appears shocked. This ingredient is only present in Recipes 2, 3, and 4 (not Recipe 1). The shock likely indicates that adding salt was unnecessary or incorrect for the recipe, possibly due to other salty ingredients like soy sauce or dashi (a broth that can contribute saltiness). 
   - Recipe 4 lacks dashi, so salt might be necessary, making the shock less likely.
   - Recipes 2 and 3 include dashi, which can provide sufficient saltiness, making additional salt potentially unnecessary. Thus, adding salt could cause surprise or regret, aligning with the shock.
   
5. **Differentiating Between Recipes 2 and 3**:
   - Recipe 2 includes ""1 cup fresh soybeans"" but no carrots.
   - Recipe 3 includes ""2 medium carrots"" but no fresh soybeans.
   - The transcript does not mention soybeans or carrots in the actions, so these ingredients do not directly influence the identification. However, the presence of dashi in both Recipes 2 and 3 supports the salt-related shock.
   - Given that the shock after adding salt is more consistent with a recipe where salt may not be needed (due to dashi), and no other actions point to soybeans or carrots, Recipe 3 is selected as the most likely candidate, though Recipe 2 is also plausible. The decision leans on the salt shock being a key indicator for a dashi-containing recipe.

Thus, Alice is attempting to make Recipe 3.

**Output:** Recipe 3",Recipe 1,Recipe 2,Recipe 3,Recipe 2
"Based on the transcript of actions, Alice adds 1 lb. dry pinto beans, 1 tsp. seasoned salt, 1 tsp. pepper, and 1 chopped bell pepper, then mixes in 1 can Ro-Tel and appears shocked. This shock suggests that adding Ro-Tel was unexpected or incorrect for the recipe she is attempting.

Comparing the ingredients:
- Recipe 1 does not include Ro-Tel at all.
- Recipes 2, 3, and 4 all include Ro-Tel.

Since Alice appears shocked after adding Ro-Tel, it indicates that Ro-Tel is not part of the intended recipe, pointing to Recipe 1. Additionally, the initial ingredients added (beans, seasoned salt, pepper, bell pepper) are consistent with all recipes, but only Recipe 1 would cause surprise upon adding Ro-Tel, as it is not listed.

Thus, Alice is attempting Recipe 1.

Recipe 1",Recipe 1,Recipe 2,Recipe 1,Recipe 1
"Based on the transcript of Alice's actions and the provided recipes, the recipe Alice is attempting to cook is **Recipe 3**. Here's the reasoning:

1. **Transcript Analysis**:
   - Alice cuts sweet potato and apple → used in all recipes.
   - She simmers sweet potato with apple juice → common to all recipes.
   - She mixes raisins with the sweet potato mixture, producing ""batter"" → this occurs before adding dry ingredients like flour or leavening agents.
   - She mixes in **1/8 tsp Salt** and appears shocked → this specific measurement is key.

2. **Recipe Comparison**:
   - **Recipe 1**: Requires ""1 dash Salt"" (not 1/8 tsp). Alice added 1/8 tsp, which is a different measurement and could cause shock due to excess salt or deviation.
   - **Recipe 2**: Requires ""1/8 tsp Salt"". Alice added exactly this amount, so shock is unexplained (no apparent mistake).
   - **Recipe 3**: Requires both **""1 dash Salt""** and **""1/8 tsp Salt""**. Alice added only the 1/8 tsp, omitting the dash. Her shock likely stems from realizing she missed the earlier dash of salt.
   - **Recipe 4**: Similar to Recipe 3 (two salts), but includes ""100 ml Whole wheat flour"". The transcript mentions ""batter"" after mixing raisins and sweet potato, but without adding flour, ""batter"" is inconsistent (flour is typically essential for batter). Recipe 3 lacks flour, making ""batter"" plausible without it (e.g., a thick puree-like mixture).

3. **Key Insight**:
   - The shock after adding 1/8 tsp salt is best explained by **Recipe 3**, where Alice forgot the required ""dash"" of salt earlier in the process. This omission would be a clear mistake upon realization.
   - Recipe 3's lack of flour also aligns with the ""batter"" being produced before adding dry ingredients (flour is absent, so no step is missing).

Thus, Alice is following **Recipe 3**.",Recipe 1,Recipe 2,Recipe 3,Recipe 4
"Based on the transcript of Alice's actions and the ingredients listed for each recipe, the recipe Alice is attempting to make is **Recipe 4**.

### Reasoning:
1. **Transcript Analysis**:
   - Alice sautés olive oil, onion, and bell pepper.
   - She browns chorizo.
   - She combines the sautéed mixture and chorizo to create a boiled mixture (implying the addition of liquid, likely chicken stock, though not explicitly stated).
   - She mixes in 1/2 orange habanero chile and reacts with shock (due to its spiciness).

2. **Ingredient Matching**:
   - **Recipe 1**: Contains garlic and potatoes but **lacks habanero chile**. The transcript includes habanero, so Recipe 1 is eliminated.
   - **Recipe 2**: Contains potatoes and black beans but **lacks garlic**. The transcript does not mention garlic, potatoes, or black beans in the actions, but Recipe 2 includes habanero.
   - **Recipe 3**: Contains garlic and black beans but **lacks potatoes**. The transcript does not mention garlic or black beans, but includes habanero.
   - **Recipe 4**: Contains garlic and potatoes but **lacks black beans**. The transcript includes habanero and does not mention black beans at all.

3. **Key Insight**:
   - The transcript does not reference black beans in any step. Recipe 4 is the **only recipe without black beans**, aligning with the absence of this ingredient in Alice's actions.
   - While Recipe 4 includes garlic and potatoes, these are not mentioned in the transcript. However:
     - Garlic might be added later (e.g., minced into the boiled mixture), but its absence in early steps does not rule out Recipe 4.
     - Potatoes could be added after the habanero (e.g., diced into the boiling mixture), which is consistent with the transcript ending before this step.
   - Recipes 2 and 3 both require black beans, which are never referenced, making them less likely.

4. **Conclusion**:
   - Alice's use of **habanero chile** rules out Recipe 1.
   - The **absence of black beans** in the transcript strongly points to Recipe 4, as it is the only recipe without this ingredient.
   - The shock reaction to the habanero is consistent across Recipes 2, 3, and 4 but does not differentiate them further.

Thus, Alice is making **Recipe 4**.",Recipe 2,Recipe 2,Recipe 2,Recipe 2
"Based on the transcript of Alice's actions and the provided recipes, Alice is likely attempting to make **Recipe 1**. Here's the reasoning:

- The transcript shows Alice starting with washing and cooking the red beans (dried), then simmering them to create a creamy bean mixture. She then mixes in ""4 each garlic cloves crushed,"" after which she appears shocked.
- Recipe 1 does not include garlic cloves crushed in its ingredient list. It contains black pepper and green chili peppers but no garlic.
- Recipes 2, 3, and 4 all include garlic cloves crushed as an ingredient. Therefore, adding garlic would be expected and not cause shock if Alice were following one of these recipes.
- Alice's shock after adding garlic suggests that garlic is not part of the recipe she intended to follow, indicating she may have added it by mistake. This points to Recipe 1, where garlic is not listed, making the addition unexpected.
- Since Alice has garlic cloves available to add (as per the action), it implies she might have extra ingredients or mistakenly incorporated an ingredient not required for Recipe 1, leading to her shocked reaction when she realizes the error.

Thus, the recipe Alice is attempting to cook is **Recipe 1**.",Recipe 1,Recipe 2,Recipe 3,Recipe 1
"Based on the transcript of actions, Alice is likely attempting to make Recipe 1. The key evidence is that Recipe 1 does not include ""12 cup water"" (interpreted as 1/2 cup water) as an ingredient, whereas Recipes 2, 3, and 4 all include it. Alice's shock after mixing in the water suggests that adding water was unexpected or incorrect for the recipe she is following, indicating Recipe 1 is the one being attempted. Additionally, Alice did not use scallions in the rolling step, which are present in Recipe 1, but this omission did not cause a reaction, further supporting that the water addition is the critical mismatch.

**Recipe 1**  
Ingredients: ['10 collard greens', '2 cups carrots', '2 cups red cabbage', '2 cups cucumbers', '10 scallions', '1 cup almond butter', '1 tablespoon ginger', '14 cup lemon juice', '14 cup raw honey', '2 tablespoons sesame oil', '1 pinch chili powder', '14 cup soy sauce']",Recipe 2,Recipe 3,Recipe 2,Recipe 2
Recipe 1,Recipe 1,Recipe 2,Recipe 2,Recipe 1
"Based on the transcript of actions and the recipe ingredients, Alice is likely attempting to cook Recipe 1. Here's the reasoning:

- The transcript shows Alice frying 1 lb coarsely ground lamb and 1 tablespoon butter, which are ingredients common to all recipes' filling sections.
- She then stirs and spreads the filling, but no additional ingredients (like onion, pine nuts, salt, or allspice) are mentioned in the actions, leaving the filling incomplete or assumed to be prepared as per her recipe.
- The key action is when Alice mixes in 4 teaspoons of salt and appears shocked. This indicates that adding 4 teaspoons of salt is unexpected or incorrect for her recipe.
- Comparing the recipes:
  - Recipe 1's Kibbee section has no salt listed (only allspice, black pepper, and corn oil). Adding 4 teaspoons of salt would be a mistake, explaining her shock.
  - Recipes 2, 3, and 4 all include 4 teaspoons of salt in their Kibbee sections, so adding it would be normal and not cause shock.

Thus, Alice's shock at adding 4 teaspoons of salt confirms she is following Recipe 1, where no salt is required for the Kibbee.

**Recipe 1**",Recipe 2,Recipe 3,Recipe 2,Recipe 3
"Based on the transcript of Alice's actions and the ingredients listed for each recipe, Alice is attempting Recipe 2.

### Reasoning:
- Alice combines ground sirloin, Worcestershire sauce, chopped parsley, and shallot to form the meat mixture. This matches the first four ingredients of Recipe 2: ['1 1/3 pounds ground sirloin', '1 tablespoon Worcestershire', 'A handful chopped flat leaf parsley', '1 shallot'].
- Recipe 2 does not include blue cheese in the meat mixture, which aligns with Alice not adding any cheese during this step. In contrast, Recipe 3 and Recipe 4 include '1/2 pound crumbled blue cheese' as part of the ingredients, which Alice did not use.
- After grilling the patties, Alice mixes in the 4 crusty rolls, which causes her shock. Recipe 2 includes '4 crusty rolls' as an ingredient, but they are intended to be used as buns for assembling the burgers, not mixed in. This mistake explains her shock, as mixing the rolls is incorrect for the recipe.
- Recipe 1 does not include crusty rolls at all, so Alice could not have used them if she were attempting that recipe. Since she used rolls, Recipe 1 is eliminated.
- Recipe 3 and Recipe 4 require blue cheese to be incorporated into the meat mixture or used as a topping, but Alice did not use blue cheese at any point. Her omission of this key ingredient makes it less likely that she was attempting Recipe 3 or 4, and her shock is primarily tied to the incorrect use of the rolls, not the absence of blue cheese.

Thus, Alice's actions best match Recipe 2, where the meat mixture is correct without additional ingredients like blue cheese, but the misuse of the rolls leads to her shocked reaction.

**Recipe 2**",Recipe 2,Recipe 2,Recipe 2,Recipe 2
"The name of the recipe Alice is attempting to make is ""FINNISH EASTER PASHA PAASIAISPASHA"". This name is consistent across all provided recipes, as it is the first element in each recipe's ingredient list. The analysis of the transcript and ingredient lists indicates that Alice is likely following a variation of the recipe that includes preserves (as she mixes them in), which rules out Recipe 1. However, the specific variation (Recipe 2, 3, or 4) cannot be definitively determined from the transcript alone, as all share the same dish name. Therefore, the name of the recipe is ""FINNISH EASTER PASHA PAASIAISPASHA"". 

**Output:**  
FINNISH EASTER PASHA PAASIAISPASHA",FINNISH EASTER PASHA PAASIAISPASHA,Recipe 2,FINNISH EASTER PASHA PAASIAISPASHA,Recipe 2
"Based on the transcript of Alice's actions and the provided recipes, Alice is attempting to make Recipe 1. 

### Reasoning:
- Alice initially adds: 1 lb. dry pinto beans, 1 tsp. seasoned salt, 1 tsp. pepper, and 1 chopped bell pepper. This set of ingredients matches the beginning of all four recipes.
- However, Alice then mixes in 1 bay leaf and appears shocked. 
- Recipe 1 does not include bay leaf as an ingredient, while Recipes 2, 3, and 4 all include bay leaf. 
- Alice's shock after adding the bay leaf indicates that it was unexpected for the recipe she is following, suggesting she is using a recipe that does not call for bay leaf at all. Therefore, Recipe 1 is the only recipe that fits this scenario.

Recipe 1",Recipe 1,Recipe 3,Recipe 2,Recipe 1
"Based on the transcript of Alice's actions and the ingredients of the recipes, Alice is attempting to cook Recipe 1. 

### Reasoning:
- **Recipe 1** includes: `1/2 lb. meat`, `1/2 c. thick yogurt`, `1 big onion`, and `1/2 tsp. chili powder`, but it does not include `2 green chillies` as an ingredient.
- **Recipes 2, 3, and 4** all include `2 green chillies` as an ingredient.
- Alice's actions:
  1. She marinates `1/2 lb. meat` and `1/2 c. thick yogurt`.
  2. She adds `1 big onion`.
  3. She cooks the marinated meat.
  4. She mixes in `2 green chillies` and appears shocked.
- The shock indicates that adding `2 green chillies` is unexpected or incorrect for the recipe she is following. Since Recipe 1 does not include green chillies, adding them would be a mistake, causing her shock. In contrast, Recipes 2, 3, and 4 include green chillies, so adding them—even if mistimed—would not inherently cause shock due to the ingredient itself being part of the recipe.
- Additionally, Alice did not use `1 tsp. paste of ginger` (present in all recipes) during marination, which she might have forgotten, but this does not directly relate to the shock from adding green chillies.

Thus, Alice is trying to cook Recipe 1, and the addition of green chillies is an error specific to that recipe.

**Output:** Recipe 1",Recipe 1,Recipe 3,Recipe 2,Recipe 2
Recipe 1,Recipe 1,Recipe 2,Recipe 1,Recipe 3
"Based on the transcript of Alice's actions and the ingredients in each recipe, Alice is attempting to cook **Recipe 1**. Here's the reasoning:

1. **Initial Blending Action**:  
   Alice blends:  
   - ""1/2 cup Lawry's Seasoned Salt""  
   - ""1/3 cup dried red pepper""  
   - ""3 tablespoons garlic granules""  
   This matches the first three ingredients of the ""For the Bistec seasoning"" section in all recipes.

2. **Addition of Celery Salt**:  
   Alice then mixes in ""1 tablespoon celery salt"" and appears shocked.  
   - **Recipe 1** does **not** include celery salt in its Bistec seasoning (it uses cumin and onion powder instead).  
   - Recipes 2, 3, and 4 **all** include celery salt in their Bistec seasoning.  

3. **Reason for Shock**:  
   Alice's shock likely stems from realizing she added an ingredient **not required** in her target recipe. Since Recipe 1 lacks celery salt, adding it would be a mistake, causing surprise. In contrast, Recipes 2–4 expect celery salt, so adding it would not cause shock.  

**Conclusion**: Alice's actions align with Recipe 1, where the addition of celery salt is an error. Thus, she is attempting **Recipe 1**.",Recipe 1,Recipe 2,Recipe 2,Recipe 1
"Based on the transcript of Alice's actions and the ingredients listed in each recipe, Alice is attempting to make **Recipe 4**.

### Reasoning:
1. **Ingredients Used in Actions**:
   - Alice melts butterscotch morsels and butter.
   - She mixes these with graham cracker crumbs and walnuts to form a crumb mixture.
   - She then reserves this crumb mixture.
   - Finally, she mixes in 2 Tbsp. lemon juice.

   The ingredients explicitly used are:
   - 2 c. Nestle Toll House butterscotch flavored morsels
   - 6 Tbsp. butter
   - 2 c. graham cracker crumbs
   - 2 c. chopped walnuts
   - 2 Tbsp. lemon juice

2. **Comparison with Recipes**:
   - **Recipe 1**: Does not include lemon juice. Since Alice uses lemon juice, Recipe 1 is eliminated.
   - **Recipe 2**: Includes lemon juice but does not include cream cheese. Alice has not used cream cheese at this point, but her actions do not rule it out yet. However, Recipe 2 includes sugar and eggs, which are not mentioned in the actions.
   - **Recipe 3**: Includes lemon juice and cream cheese but does not include sugar. Alice has not used sugar, cream cheese, or eggs in the actions so far.
   - **Recipe 4**: Includes lemon juice, cream cheese, and sugar but does not include eggs. Alice has not used cream cheese, sugar, or eggs in the actions.

3. **Key Insight from Alice's Shock**:
   - After reserving the crumb mixture (typically for a crust), Alice immediately adds lemon juice without any indication of preparing a filling (e.g., mixing cream cheese, sugar, or eggs). This suggests she may have added lemon juice directly to the reserved crumb mixture by mistake, causing her shock.
   - Recipe 4 is the only recipe that matches the used ingredients (including lemon juice) and excludes eggs. The absence of eggs in Recipe 4 means Alice would not be expected to use them, aligning with her actions not mentioning eggs. Her shock likely stems from realizing she added lemon juice to the crust instead of saving it for the filling (which in Recipe 4 would require cream cheese, sugar, and flour).

4. **Conclusion**:
   - Alice's actions and the ingredients used (including the addition of lemon juice) align with Recipe 4, which contains lemon juice, cream cheese, and sugar (but no eggs). Her shock is consistent with mistakenly adding lemon juice to the crust mixture, as Recipe 4's filling would require lemon juice to be mixed with cream cheese, sugar, and flour—a step she has not yet started.

Thus, Alice is trying to cook **Recipe 4**.",Recipe 1,Recipe 2,Recipe 2,Recipe 1
"Based on the transcript of Alice's actions and the ingredients of the recipes, the recipe Alice is attempting is **Recipe 1**. 

### Explanation:
- The transcript shows Alice using ""2 lemons"" to produce ""lemon juice salted water,"" indicating the presence of salt. This matches Recipe 1 (which includes ""Salt"") and Recipe 2 (which also includes ""Salt""), but Rules out Recipe 3 (no ""Salt"") and Recipe 4 (has ""Salt"" but other mismatches).
- Alice adds ""3 large artichoke hearts,"" ""16 baby-cut carrots,"" and ""1 small fennel bulb,"" which are common to all recipes.
- Alice then mixes in ""2 tablespoons extra virgin olive oil"" and appears shocked. This ingredient is **not present in Recipe 1** (which has no olive oil) but is included in Recipes 2, 3, and 4. The shock suggests Alice did not expect to add olive oil, implying it is not part of her intended recipe.
- Recipe 1 uniquely matches the actions (use of lemons, salt, vegetables) but lacks olive oil, explaining Alice's surprise when adding it. Recipes 2, 3, and 4 include olive oil, so adding it would not cause shock.

Thus, Alice is attempting **Recipe 1**. 

**Output:** Recipe 1",Recipe 1,Recipe 2,Recipe 4,Recipe 2
"Based on the transcript of Alice's actions, she appears shocked when mixing in the 1 onion. This indicates that adding the onion is unexpected for the recipe she is attempting. Comparing the recipes:

- Recipe 1 includes celery and mushrooms but does not include onion.
- Recipe 2 includes onion and mushrooms but no celery.
- Recipe 3 includes onion and celery but no mushrooms.
- Recipe 4 includes onion, celery, and mushrooms.

Since Alice is shocked upon adding the onion, it suggests that the recipe she is following does not call for onion, making Recipe 1 the only recipe where adding onion would be incorrect and cause surprise. The other recipes all include onion, so adding it would not be unexpected.

Thus, Alice is trying to cook Recipe 1.

**Recipe 1**",Recipe 1,Recipe 2,Recipe 2,Recipe 1
Recipe 2,Recipe 2,Recipe 2,Recipe 2,Recipe 2
"Based on the transcript of Alice's actions and the provided recipes, Alice is attempting to make **Recipe 1**. 

### Reasoning:
- Alice starts by mixing the dry ingredients: ""1 1/2 c. sifted flour, 3 Tbsp. cocoa, 1 tsp. baking soda and 1 c. granulated sugar"". This matches the first four ingredients of Recipe 1. However, Recipe 1 also includes ""1/2 tsp. salt"", which Alice did not add at this stage. This omission may indicate a mistake or oversight.
- Alice then sifts the mixed dry ingredients, which is consistent with Recipe 1's ""sifted flour"" and typical baking preparation.
- Next, Alice ""makes the sifted dry ingredients, producing some 3 holes in the dry mixture"". This action suggests she is preparing to add wet ingredients by creating wells. Recipe 1 has three wet ingredients: ""5 Tbsp. oil"", ""1 Tbsp. vinegar"", and ""1 tsp. vanilla"". The ""3 holes"" likely correspond to these three wet components.
- However, Alice instead ""mixes in the 1 c. cold water"". Recipe 1 does not include any water, so adding it is unexpected and incorrect. This explains why ""Alice appears shocked""—she likely realized she added an ingredient not part of the recipe or deviated from the intended steps.

### Why not the other recipes?
- **Recipe 2**: Includes ""1 c. cold water"", so adding water would not be shocking. However, Recipe 2 does not include salt, so Alice's dry mix (without salt) would be correct. But Recipe 2 has four wet ingredients (oil, vinegar, vanilla, water), while Alice created only ""3 holes"", making it less consistent.
- **Recipe 3**: Includes ""1 c. cold water"", so adding water is expected. However, Recipe 3 includes ""1/2 tsp. salt"", which Alice omitted from the dry mix. The shock after adding water is less justified, as water is part of the recipe.
- **Recipe 4**: Includes ""1 c. cold water"", so water is expected. Recipe 4 also includes ""1/2 tsp. salt"", which Alice omitted. The shock upon adding water is inconsistent, as water belongs in this recipe.

The key evidence is Alice's shock after adding water, which is only explained if water is not part of the intended recipe, pointing to Recipe 1. The ""3 holes"" also align with Recipe 1's three wet ingredients, further supporting this conclusion.

**Recipe Alice is trying to cook: Recipe 1**",Recipe 2,Recipe 3,Recipe 2,Recipe 2
"Based on the transcript of Alice's actions and the ingredients listed for each recipe, Alice is attempting to make Recipe 3. The reasoning is as follows:

- Alice cuts 1/2 Sweet potato and 1 small apple, which are common to all recipes.
- She simmers sweet potato and 100 ml Sugar-free apple juice, producing a mixture, which is consistent with all recipes.
- She mixes 2 tbsp Raisins with the sweet potato mixture to produce batter. This is key because Recipe 3 does not include whole wheat flour, meaning the mixture of sweet potato, apple, apple juice, and raisins can form a batter without flour. In contrast, Recipes 1, 2, and 4 all include whole wheat flour, so adding flour would typically be necessary to form a proper batter, which Alice has not done at this point.
- She then mixes in 1/2 tsp Baking soda and appears shocked. Recipe 3 includes both 1/2 tsp Baking powder and 1/2 tsp Baking soda in its ingredients. Alice's shock likely stems from realizing she added only baking soda but forgot to add baking powder, or from an unexpected reaction (e.g., foaming due to the acid in the apple juice) that might not occur if both leavening agents were used as specified. Recipe 4 also includes baking soda but not baking powder, but the batter step without flour does not align with Recipe 4. Recipes 1 and 2 do not match the batter formation without flour.

Thus, the sequence of actions and the ingredients used best match Recipe 3.

**Recipe 3**",Recipe 1,Recipe 4,Recipe 3,Recipe 4
"Based on the transcript of Alice's actions and the ingredients used, the recipe that aligns with her steps is Recipe 2. Here's the reasoning:

1. **Action 1**: Alice tosses 40 garlic cloves, 1 large russet potato, and 1 large yellow onion. This matches the core ingredients in all recipes. However, Recipe 2 does not include sage leaves (unlike Recipes 1, 3, and 4), and the transcript does not mention sage leaves being used, supporting Recipe 2.

2. **Action 2**: Alice uses 2 garlic cloves to make a garnish mixture. All recipes include 2 garlic cloves, so this does not differentiate them.

3. **Action 3**: Alice cooks the mixture from Action 1. This is consistent with any recipe but does not provide distinguishing details.

4. **Action 4**: Alice mixes in 6 slices of whole wheat baguette and appears shocked. Recipe 1 does not include baguette, so it is eliminated. Recipes 2, 3, and 4 include baguette, but Recipe 2 lacks sage leaves. The shock may indicate an unexpected step or error, but since sage is never used in the transcript, Recipe 2 (which omits sage) is the most consistent. In Recipes 3 and 4, sage leaves are required, yet Alice did not use them in any action, making Recipe 2 the logical choice.

Thus, Alice is attempting **Recipe 2**.",Recipe 1,Recipe 2,Recipe 2,Recipe 2
"Based on the transcript of Alice's actions and the ingredients listed for each recipe, Alice is attempting to cook Recipe 1. 

The key observations are:
- Alice cooked 1 1/2 cups acini di pepe pasta and 2 teaspoons kosher salt, which matches the first ingredients in all recipes.
- She then tossed 1/2 cup extra virgin olive oil and 1/2 cup red wine vinegar with the cooked pasta, consistent with all recipes.
- Finally, she mixed in 1 cup yellow grape tomatoes and appeared shocked. 

Recipe 1 specifically calls for 1 cup red grape tomatoes and does not include yellow grape tomatoes. Adding yellow tomatoes instead of red would explain Alice's shock, as it indicates a deviation from Recipe 1's ingredients. 

In contrast:
- Recipe 2 includes yellow grape tomatoes, so adding them would not cause shock.
- Recipes 3 and 4 include both red and yellow grape tomatoes, so adding yellow tomatoes alone would be expected and not cause shock.

Thus, Alice is trying to cook Recipe 1 but mistakenly used yellow tomatoes instead of red.

**Recipe 1**",Recipe 1,Recipe 2,Recipe 1,Recipe 2
"Based on the transcript of Alice's actions and the ingredients listed for each recipe, Alice is attempting to cook Recipe 1. Here's the reasoning:

- Alice washes and pats the Bibb lettuce, which is common to all recipes.
- She blanches a 1/2 lemon to produce lemon zest. Recipe 1 includes two instances of ""1/2 x Lemon"", allowing for one to be used for zest and the other for another purpose (e.g., juice), which aligns with her action.
- She mixes in ""1/2 c. Finely minced pecans Salt"". However, Recipe 1 does not include this ingredient in its list. The shock Alice exhibits after mixing it in suggests she realized she added an ingredient not called for in the recipe, indicating a mistake. This is consistent with Recipe 1, as Recipes 2, 3, and 4 all include ""1/2 c. Finely minced pecans Salt"" and would not warrant shock upon its addition.

The absence of actions related to other ingredients (e.g., tarragon leaves in Recipe 1) does not contradict this, as the transcript only describes specific actions and is not exhaustive. The key point is the unexpected addition of pecans salt, which points to Recipe 1 as the intended recipe.

**Output:** Recipe 1",Recipe 1,Recipe 3,Recipe 2,Recipe 2
"Based on the transcript of Alice's actions and the ingredients listed for each recipe, Alice is attempting to make Recipe 1. Here's the reasoning:

- Alice first prepares the SPINACH component using ""1 package frozen spinach"" and ""2 tablespoons water,"" which matches the SPINACH section of all four recipes.
- She then adds the prepared spinach to produce a ""spinach mixture."" For Recipe 1, this is consistent, as the PASTA section includes ""1/4 cup prepared spinach"" as an ingredient.
- Next, Alice mixes in ""1 tablespoon extra virgin olive oil"" and appears shocked. Recipe 1 does not include olive oil in its ingredients, so adding it would be unexpected and incorrect, explaining her shock. In contrast:
  - Recipe 2 includes ""1 tablespoon extra virgin olive oil"" in the PASTA section, so adding it should not cause shock.
  - Recipe 3 includes ""1 tablespoon extra virgin olive oil"" but has no ""prepared spinach"" in the PASTA section; however, Alice added prepared spinach earlier without shock, and the shock occurs specifically when adding olive oil, which is part of Recipe 3.
  - Recipe 4 includes both ""1/4 cup prepared spinach"" and ""1 tablespoon extra virgin olive oil"" in the PASTA section, so adding olive oil should not cause shock.

Thus, Recipe 1 is the only one where adding olive oil is not called for, aligning with Alice's reaction.

**Recipe 1**",Recipe 1,Recipe 2,Recipe 2,Recipe 1
Recipe 1,Recipe 1,Recipe 2,Recipe 1,Recipe 3
Recipe 1,Recipe 1,Recipe 2,Recipe 1,Recipe 2
"Based on the transcript of Alice's actions and the provided recipes, Alice is attempting to cook Recipe 1. Here's the reasoning:

- Alice mixes 3 cups roasted red peppers and 1 Tbsp. Hot smoked paprika to produce Fire-Roasted Red Pepper Sauce. This step is consistent with all recipes, as each includes these ingredients for the sauce.
- Alice then spreads the sauce on buns and tops them with more sauce to produce assembled sliders. While this action doesn't explicitly mention other slider components (like ground beef or cheese), the recipes all include slider buns and similar ingredients, so this step alone doesn't distinguish between them.
- The key action is when Alice mixes in yellow onions and appears shocked. This shock suggests that yellow onions are not part of the intended recipe, as their inclusion was unexpected or incorrect.
- Comparing the recipes:
  - Recipe 1 does not include yellow onions in its ingredients (it has red bell peppers instead).
  - Recipes 2, 3, and 4 all include yellow onions.
- Since Alice is shocked when adding yellow onions, it indicates she did not expect to use them, pointing to Recipe 1 as the one she is attempting. Additionally, Recipe 1 includes ""1 cup unsalted butter"" and ""red bell peppers,"" which are not mentioned in the transcript, further supporting that these ingredients might not have been used or were overlooked, but the absence of onions is the critical clue.

Thus, Alice is trying to cook Recipe 1.

**Output:**  
Recipe 1",Recipe 1,Recipe 3,Recipe 3,Recipe 1
Recipe 1,Recipe 1,Recipe 2,Recipe 2,Recipe 1
"Based on the transcript of Alice's actions and the ingredients listed for each recipe, Alice is attempting to make **Recipe 1**.

### Reasoning:
- Alice performs actions involving the 4 ripe tomatoes (cutting, transferring to cool, and chopping), which are common to all recipes.
- She then mixes in 1/2 teaspoon freshly ground black pepper and appears shocked.
- Recipe 1 does not include black pepper in its ingredients (it has ""1 teaspoon kosher salt"" instead). Adding black pepper to Recipe 1 would be incorrect, explaining Alice's shock as she likely realized a mistake.
- In contrast:
  - Recipe 2 includes ""1/2 teaspoon freshly ground black pepper"" and no salt, so adding pepper would be expected and not cause shock.
  - Recipe 3 includes both ""1 teaspoon kosher salt"" and ""1/2 teaspoon freshly ground black pepper"", so adding pepper would be intentional.
  - Recipe 4 includes both salt and pepper, so adding pepper would also be intentional.
- The shock indicates an error, which only aligns with Recipe 1 where black pepper is not an ingredient.

Thus, the recipe Alice is trying to cook is **Recipe 1**.",Recipe 1,Recipe 2,Recipe 1,Recipe 1
"Based on the transcript of actions and the ingredients of the recipes, Alice is attempting to make Recipe 1. 

The key observations are:
- Recipe 1 does not include ""salt"" in its ingredient list, while Recipes 2, 3, and 4 all include ""salt"".
- In the transcript, Alice mixes in salt and then appears shocked, indicating that adding salt was unexpected or incorrect for the recipe she is following.
- Since Recipes 2, 3, and 4 include salt as an ingredient, adding salt would not typically cause shock if she were following one of those recipes. The shock suggests she added an ingredient not called for, pointing to Recipe 1, which lacks salt.
- The other actions (melting oil and butter, placing bread, mixing eggs) are consistent with all recipes, but the addition of salt and subsequent shock are inconsistent with Recipe 1's ingredients.

Thus, Alice is trying to cook Recipe 1 and likely realized her mistake when adding salt, which is not part of the recipe. 

**Recipe 1**",Recipe 1,Recipe 1,Recipe 1,Recipe 1
"Based on the transcript of Alice's actions and the ingredients listed for each recipe, Alice is attempting to make Recipe 4. Here's the reasoning:

- Alice pours: 5 eggs, 1/2 tablespoon salt, 1 1/4 cups white sugar, and 3/4 cup butter, producing some pie. These ingredients are common to all four recipes.
- Alice then bakes the pie, producing baked pie.
- Alice mixes in 2 cups of macadamia nuts afterward and appears shocked.

Comparing the recipes:
- Recipe 1 does not include macadamia nuts, so adding them would be unexpected and likely cause shock, but Recipe 1 requires chocolate chips, corn syrup, and Irish cream liqueur, which Alice did not add at all.
- Recipe 2 includes macadamia nuts but requires Irish cream liqueur and chocolate chips, which Alice did not add. It does not require corn syrup, but the absence of Irish cream and chocolate chips is notable.
- Recipe 3 includes macadamia nuts but requires corn syrup and chocolate chips, which Alice did not add. It does not require Irish cream liqueur.
- Recipe 4 includes macadamia nuts and requires corn syrup and Irish cream liqueur but does not require chocolate chips. Alice's actions match the base ingredients she used (eggs, salt, sugar, butter) and the addition of nuts, but she forgot to add corn syrup and Irish cream liqueur.

The shock likely stems from Alice realizing she added the nuts after baking (which is incorrect for any recipe) and also forgot key ingredients. Recipe 4 is the best fit because:
- It includes macadamia nuts, explaining why she added them.
- It does not include chocolate chips, so their absence in her actions is consistent with the recipe (unlike Recipes 1, 2, and 3, which require chocolate chips but she did not add them).
- She forgot the other required ingredients (corn syrup and Irish cream liqueur), which aligns with Recipe 4's requirements.

Thus, Alice is trying to cook Recipe 4.",Recipe 1,Recipe 4,Recipe 3,Recipe 2
"Based on the actions performed by Alice and the ingredients listed for each recipe, Alice is attempting to cook Recipe 1. 

### Reasoning:
- **Action 1:** Alice browns pork chops and vegetable oil. This is consistent with all recipes, as they all include these ingredients.
- **Action 2:** Alice combines rhubarb and brown sugar. This is also consistent with all recipes.
- **Action 3:** Alice spoons the rhubarb mixture over bread crumbs. This indicates that bread crumbs are part of the recipe. Recipe 1 includes bread crumbs (3 cups), while Recipe 2 does not (it includes cinnamon and flour instead). Recipes 3 and 4 also include bread crumbs.
- **Action 4:** Alice mixes in cinnamon and appears shocked. Recipe 1 does not include cinnamon in its ingredients, so adding it would be unexpected and could cause shock. In contrast, Recipes 2, 3, and 4 all include cinnamon, so adding it should not cause surprise. 

The shock after adding cinnamon suggests that Alice did not expect to use this ingredient, which aligns with Recipe 1. The use of bread crumbs in Action 3 further supports Recipe 1, as it is one of the recipes that includes bread crumbs (along with Recipes 3 and 4), but the unexpected addition of cinnamon rules out Recipes 3 and 4.

**Recipe Name:** Recipe 1",Recipe 3,Recipe 4,Recipe 3,Recipe 1
"Based on the transcript of Alice's actions and the provided recipes, Alice is attempting to make **Recipe 1**.

### Reasoning:
- The transcript shows Alice soaking hijiki and ""5 large"" (interpreted as shiitake mushrooms, based on common recipe context), heating olive oil, and then mixing in fresh soybeans, which causes her to appear shocked.
- **Recipe 1** does not include fresh soybeans in its ingredient list, so adding them would be unexpected and incorrect, explaining Alice's shock.
- In contrast:
  - **Recipe 2**, **Recipe 3**, and **Recipe 4** all include fresh soybeans as an ingredient, so adding them would not typically cause shock unless done at an inappropriate step, but the immediate reaction suggests an incorrect ingredient.
- The slicing step in the transcript (""Alice slices the soaked hijiki, producing some sliced shiitakes"") appears to contain a wording error (likely meant to indicate slicing the shiitakes, not hijiki), but this does not affect the key observation about the soybeans.
- Alice's actions so far (using hijiki, shiitakes, olive oil, and soybeans) align with the initial steps of Recipe 1 except for the addition of soybeans, which are not part of that recipe.

Thus, the shock confirms that Alice is following a recipe that excludes soybeans, pointing to Recipe 1.",Recipe 1,Recipe 2,Recipe 2,Recipe 2
"Based on the transcript of Alice's actions and the ingredients of the recipes, Alice is attempting to cook Recipe 1. 

- Recipe 1 does not include any flour in its ingredients list. However, Alice dredges the veal stew, producing floured veal pieces, which requires flour. Later, she mixes in 3/4 cup flour, an action that shocks her. This shock likely arises because she realizes that flour is not part of Recipe 1's ingredients, and she has mistakenly used it when it is not called for in the recipe.

- In contrast, Recipes 2, 3, and 4 all include 3/4 cup flour as an ingredient. If Alice were following one of these recipes, using flour for dredging and potentially mixing it in later might be expected (though the timing could be incorrect), but her shock suggests that the presence of flour itself is unexpected, which aligns with Recipe 1 not listing any flour.

Thus, Alice's actions and reaction indicate she is trying to cook Recipe 1 but has deviated from it by incorporating flour, leading to her shock when she mixes it in.",Recipe 2,Recipe 2,Recipe 3,Recipe 1
"Based on the transcript of actions, Alice coats the cooking spray to prepare a baking pan, combines ""1"" (likely an egg or similar ingredient) with 1 1/2 cups sugar, tosses blueberries with sugar to create a mixture, and then mixes in 1 teaspoon baking powder, appearing shocked. The shock suggests that baking powder is unexpected for the recipe she is attempting. 

Comparing the recipes:
- Recipe 1 does not include baking powder in its ingredients.
- Recipes 2, 3, and 4 all include baking powder.

Since Alice is shocked when mixing baking powder, it indicates she did not expect to use it, meaning she is likely attempting Recipe 1, which does not require baking powder. The presence of baking powder in her actions suggests a possible mistake or deviation, but the intended recipe, based on the surprise, is Recipe 1.

**Recipe 1**",Recipe 1,Recipe 2,Recipe 1,Recipe 1
"Based on the transcript of Alice's actions and the ingredients listed in the recipes, Alice is attempting to make Recipe 1. Here's the reasoning:

- Alice sifts flour, baking soda, and salt, which are common to all recipes.
- She then mixes and beats brown sugar, but there is no mention of her adding granulated sugar at this stage in Recipe 1.
- When she mixes in granulated sugar, she appears shocked. Recipe 1 does not include granulated sugar as an ingredient, whereas Recipes 2, 3, and 4 all include it. Her shock suggests she realizes she added an ingredient not required by her recipe, indicating Recipe 1 is the one she intended to follow.

Thus, the recipe Alice is trying to cook is Recipe 1.",Recipe 1,Recipe 2,Recipe 3,Recipe 1
Recipe 1,Recipe 1,Recipe 2,Recipe 2,Recipe 4
"Based on the transcript of actions, Alice is attempting to make Recipe 1. The key evidence is that Recipe 1 does not include honey in its ingredient list, but Alice mixes in 1 1/2 teaspoons honey, leading to her apparent shock. This reaction suggests she added an ingredient not called for in the recipe, indicating she is following Recipe 1 but made an error by incorporating honey.

The actions described—washing cauliflower and Brussels sprouts, scrubbing potatoes, and mixing cauliflower and potatoes—are consistent with the initial steps of Recipe 1, as all these ingredients are present. However, the addition of honey, which is not part of Recipe 1, aligns with her shocked response, as it would be an unexpected mistake for that recipe.

In contrast, Recipes 2, 3, and 4 all include honey, so adding it would not cause shock if she were following one of those recipes. Therefore, Recipe 1 is the recipe Alice is trying to cook.

**Recipe 1**",Recipe 1,Recipe 2,Recipe 1,Recipe 1
"Based on the transcript of actions and the ingredients listed for each recipe, Alice is attempting to make Recipe 2. Here's the reasoning:

- The transcript shows Alice using the following ingredients in sequence:
  1. 1 Tbsp. butter (spread to produce a buttered pan).
  2. 1/4 cup plain dry bread crumbs and 1 Tbsp. DI GIORNO Shredded Parmesan Cheese (coated to produce crumb-coated).
  3. 3 pkg. PHILADELPHIA Cream Cheese (beaten to produce a well-blended cream cheese mixture).
  4. 1/4 tsp. hot pepper sauce (mixed in, causing Alice to appear shocked).

- Comparing these actions to the ingredient lists:
  - Recipe 1 does not include hot pepper sauce, so it cannot be the one Alice is making, as she used this ingredient.
  - Recipe 2 includes all the ingredients used in the transcript (butter, bread crumbs, Parmesan cheese, cream cheese, and hot pepper sauce). It does not include BREAKSTONE'S (which is present in Recipes 1, 3, and 4), and since BREAKSTONE'S is not mentioned in the transcript, Recipe 2 is consistent with the actions performed so far.
  - Recipe 3 includes BREAKSTONE'S, but it is not used in the transcript, making it less likely.
  - Recipe 4 also includes BREAKSTONE'S, which is not used in the transcript, and Alice has not used eggs, which are part of Recipe 4 but not yet added.

- The shock reaction after mixing in the hot pepper sauce is consistent with Recipe 2, as the hot pepper sauce is added directly to the cream cheese mixture without any mitigating ingredient like BREAKSTONE'S (sour cream), which could make the spiciness more pronounced.

Thus, Alice is trying to cook Recipe 2.

Recipe 2",Recipe 1,Recipe 2,Recipe 2,Recipe 2
"Based on the transcript of Alice's actions and the ingredients of each recipe, Alice is attempting to cook Recipe 1. The key evidence is that Recipe 1 does not include margarine as an ingredient, yet Alice mixes in 3 tablespoons of margarine, leading to her shocked reaction. This indicates that she likely added margarine by mistake while following a recipe that does not call for it.

- Recipe 1 ingredients: No margarine (includes cream of mushroom soup and evaporated skim milk).
- Alice's actions: She cooks rice, sprays cooking spray, spreads rice to form a casserole base, and then mixes in margarine—a step inconsistent with Recipe 1, causing surprise.

Recipes 2, 3, and 4 all include margarine, so adding it would not typically cause shock if she were following one of those.

**Recipe 1**",Recipe 1,Recipe 2,Recipe 1,Recipe 2
"Based on the transcript of Alice's actions and the ingredients listed for each recipe, Alice is attempting to cook Recipe 2. Here's the reasoning:

- **Transcript actions**:
  1. Alice trims the asparagus (common to all recipes).
  2. Alice simmers the shallot (common to all recipes).
  3. Alice adds the tarragon leaves (common to all recipes).
  4. Alice mixes in the extra virgin olive oil and appears shocked.

- **Key observations**:
  - All recipes include asparagus, shallot, and tarragon leaves, so these actions do not differentiate the recipes.
  - The critical action is adding extra virgin olive oil, which causes Alice to appear shocked. This indicates a potential mistake or unexpected outcome related to the oil.
  - **Recipe 1** uses only grapeseed oil and does not include extra virgin olive oil. If Alice were following Recipe 1, adding olive oil would be incorrect (not in the recipe), explaining her shock. However, Recipe 1 also requires flat-leaf parsley leaves and lemon juice, which Alice did not use. This makes Recipe 1 less likely, as she would have missed multiple ingredients without shock until the oil step.
  - **Recipe 2** includes both grapeseed oil and extra virgin olive oil. Alice added the olive oil but did not use grapeseed oil. Her shock could result from realizing she forgot to add grapeseed oil. Recipe 2 does not require flat-leaf parsley leaves, which aligns with Alice not using it. While Recipe 2 also requires lemon juice (which Alice did not add), the shock occurs immediately after adding olive oil, suggesting the oil omission is the primary issue.
  - **Recipe 3** includes both grapeseed oil and extra virgin olive oil, but Alice did not use grapeseed oil (potentially causing shock). However, Recipe 3 requires flat-leaf parsley leaves, which Alice did not add. Since she showed no shock after adding only tarragon (with no parsley), Recipe 3 is inconsistent.
  - **Recipe 4** uses only extra virgin olive oil (no grapeseed oil), so adding it should be correct. Alice's shock is unexpected here. Recipe 4 also requires flat-leaf parsley leaves and lemon juice, both unused by Alice, but the shock specifically follows the oil step, which shouldn't be problematic.

- **Conclusion**: Alice's shock after adding extra virgin olive oil best fits **Recipe 2**, as it includes olive oil but also requires grapeseed oil, which she omitted. The absence of parsley in Recipe 2 matches her actions, while other recipes have inconsistencies with the transcript.

**Recipe: Recipe 2**",Recipe 1,Recipe 4,Recipe 1,Recipe 1
"Based on the transcript of Alice's actions and comparing them to the ingredients of the provided recipes:

- Alice mixes **1 cup sorghum flour** (present in all recipes).
- Alice creams **1 cup butter** and **1 1/2 cups sugar** (common to all recipes).
- Alice mixes **2 eggs** (common to all recipes).
- Alice mixes in **1/2 teaspoon salt** and appears shocked.

The key observation is the addition of **1/2 teaspoon salt**. Comparing the recipes:
- **Recipe 1** does not include salt in its ingredients.
- **Recipe 2**, **Recipe 3**, and **Recipe 4** all include **1/2 teaspoon salt**.

Alice's shock suggests she did not expect to add salt, indicating she is likely following a recipe that omits it. Only **Recipe 1** lacks salt, making it the recipe she is attempting.

**Recipe 1**",Recipe 1,Recipe 2,Recipe 1,Recipe 1
"Based on the transcript of Alice's actions and the provided recipes, Alice is attempting to make **Recipe 1**. Here's the reasoning:

1. **Transcript Analysis**:
   - Alice combines olive oil, yellow onion, garlic, and cremini mushrooms (without mentioning other ingredients like kale, salt, red pepper, flour, broth, half-and-half, or wild rice).
   - She bakes this mixture, then mixes in gruyere cheese and appears shocked.

2. **Recipe Comparison**:
   - **Recipe 1** does not include gruyere cheese in its ingredient list. Adding it would be unexpected and likely cause shock, as it deviates from the recipe.
   - **Recipes 2, 3, and 4** all include gruyere cheese, so adding it would be part of the normal process and not cause shock.

3. **Why Shock Occurs**:
   - Alice's shock after adding gruyere cheese suggests she realized she added an ingredient not required by her intended recipe. This aligns with Recipe 1, where gruyere is absent.
   - The transcript mentions no other ingredients (e.g., kale, salt, red pepper), but the omission doesn't cause shock; the unexpected addition of cheese does.

Thus, Recipe 1 is the only one where adding gruyere cheese would be a mistake, leading to Alice's reaction. The absence of other ingredients in the actions is consistent with her potentially forgetting steps, but the shock specifically points to the cheese error in Recipe 1.

**Output**: Recipe 1",Recipe 1,Recipe 4,Recipe 2,Recipe 4
"Based on the actions performed by Alice in the transcript and the ingredients listed for each recipe, Alice is attempting to follow Recipe 3. Here's the reasoning:

- Alice starts by combining goat cheese, honey, lemon zest, and vanilla extract to make a goat cheese mixture. All recipes include these ingredients, so this step does not distinguish them.
- She then adds the goat cheese mixture to produce filled muffin batter. This implies that a base batter must exist for her to add the mixture to. Recipes 1, 3, and 4 include flour, which is essential for a muffin batter, but Recipe 2 lacks flour entirely, making it unlikely as a proper batter cannot be formed without it.
- Next, she sprinkles the filled muffin batter to produce sugared muffins, which corresponds to the turbinado sugar listed in all recipes.
- Finally, she mixes in 1 cup of low-fat buttermilk and appears shocked. Recipe 3 includes buttermilk but lacks baking powder, relying solely on baking soda for leavening. Baking soda requires an acid (like buttermilk) to activate properly. Adding buttermilk at this late stage, after the batter is formed and sugared, means the baking soda may not activate correctly, leading to poor rising or texture issues. This explains her shock, as she likely realizes the mistake too late. In contrast:
  - Recipe 1 does not include buttermilk, so adding it would be incorrect, but Alice deliberately uses it, suggesting she is following a recipe that includes it.
  - Recipe 2 includes buttermilk but lacks flour, making it implausible for muffin batter.
  - Recipe 4 includes baking powder (which has its own acid and does not rely on buttermilk for activation), so adding buttermilk late would be less critical, though still suboptimal. The shock is more justified for Recipe 3 due to the leavening dependency.

Thus, Recipe 3 best matches the actions, including the presence of buttermilk and the reason for shock when added incorrectly.

**Recipe Alice is trying to cook: Recipe 3**",Recipe 3,Recipe 2,Recipe 1,Recipe 4
"Based on the transcript of Alice's actions and the ingredients listed for each recipe, the recipe Alice is attempting to make is **Recipe 2**.

### Reasoning:
1. **Key Actions in Transcript**:
   - Alice soaks and drains white kidney beans.
   - She combines the drained beans with vegetable stock.
   - She adds ""1/2-23 cups olive oil"" and appears shocked, indicating this ingredient is part of the recipe and its quantity is unexpected.

2. **Analysis of Recipes**:
   - **Recipe 1**: Does not include olive oil. Alice added olive oil, so Recipe 1 is eliminated.
   - **Recipes 2, 3, and 4**: All include ""1/2-23 cups olive oil,"" matching the action.
   - **Distinguishing Factor**: Fennel bulb.
     - Recipe 2 does **not** include fennel bulb in its ingredients.
     - Recipes 3 and 4 include ""2 large fennel bulb.""
   - Transcript Actions: Alice did **not** use fennel bulb at any point (soaking, draining, combining with beans/stock, or adding olive oil). This omission aligns with Recipe 2, which does not require fennel bulb.

3. **Conclusion**:  
   The absence of fennel bulb in Alice's actions, combined with the addition of olive oil, points to Recipe 2. Recipes 3 and 4 require fennel bulb, but Alice never used it, making them inconsistent with the transcript.

**Final Answer**: Recipe 2",Recipe 1,Recipe 2,Recipe 2,Recipe 2
"Based on the transcript of actions and the ingredient lists for the recipes, Alice is attempting to cook Recipe 1. 

The key evidence is that Recipe 1 does not include ""2 cups white whole wheat flour"" in its ingredient list, while Recipes 2, 3, and 4 all do. In the transcript, Alice mixes in flour at a late stage after the batter has already been formed and sugared, which causes her to appear shocked. This shock likely stems from realizing that flour is not part of Recipe 1, as it is absent from the ingredients, and adding it is a mistake. For Recipes 2, 3, and 4, flour is a required ingredient, so adding it late might be an error in sequencing, but not an addition of an entirely unexpected ingredient. The absence of flour in Recipe 1 makes the addition particularly surprising and incorrect.

**Recipe 1**",Recipe 4,Recipe 2,Recipe 1,Recipe 1
"Based on the transcript of Alice's actions and the ingredients listed for each recipe, Alice is attempting to make Recipe 1. 

Here's the reasoning:

- Alice mixes flour, baking powder, and salt, which are common to all recipes.
- She then beats butter to soften it and beats it again to create a fluffy mixture. This step does not involve adding sugar, egg, or almond extract, which are ingredients in some recipes.
- She mixes in sliced almonds, which causes her to appear shocked.
- Recipe 1 does not include sliced almonds as an ingredient, while Recipes 2, 3, and 4 all include sliced almonds.
- The shock suggests that adding sliced almonds was unexpected or incorrect for the recipe she intended, pointing to Recipe 1, where sliced almonds are not listed.

Thus, Alice is trying to cook Recipe 1.

**Recipe 1**",Recipe 1,Recipe 2,Recipe 1,Recipe 1
Recipe 2,Recipe 1,Recipe 2,Recipe 3,Recipe 2
"Based on the transcript of Alice's actions and the provided recipes, Alice is attempting to make **Recipe 1**. Here's the reasoning:

1. **Transcript Analysis**:
   - Alice starts by cooking the 6 bacon strips.
   - She then adds 3 c. cubed peeled potatoes, 1 can chicken broth, and 1 small carrot.
   - Finally, she mixes in 2 green onions and appears shocked.

2. **Recipe Comparison**:
   - **Recipe 1** does not include ""2 green onions"" in its ingredient list. The ingredients are: 
     ```
     ['6 bacon strips', '3 c. cubed peeled potatoes', '1 can chicken broth', '1 small carrot', '1/2 c. chopped onion', '1 Tbsp. dried parsley flakes', '1/2 tsp. each: celery seed', '3 Tbsp. all-purpose flour', '3 c. milk', '8 oz. Velveeta cheese']
     ```
     Notice that Recipe 1 calls for ""1/2 c. chopped onion"" but no green onions.
   - **Recipes 2, 3, and 4** all include ""2 green onions"" as an ingredient. Therefore, adding green onions would be expected for these recipes and should not cause shock.

3. **Reason for Shock**:
   - Alice's shock after adding the green onions indicates that she did not expect to add this ingredient to the recipe she intended to make. This suggests she is following a recipe that does not include green onions.
   - Since Recipe 1 is the only recipe without green onions, her shock aligns with mistakenly adding an ingredient not listed in Recipe 1.

4. **Conclusion**:
   - The actions and shock imply Alice is making Recipe 1 but accidentally added green onions, which are not part of the recipe.

Thus, Alice is attempting to cook **Recipe 1**.",Recipe 1,Recipe 2,Recipe 1,Recipe 1
"Based on the transcript of Alice's actions, she uses the pizza shell, adds the fontina cheese, cuts the asparagus, and then mixes in the red onion, after which she appears shocked. The shock suggests that the addition of red onion was unexpected or incorrect for the recipe she intended to follow.

Comparing the ingredients of the recipes:
- Recipe 1 does not include red onion; it uses garlic and sweet red bell pepper instead.
- Recipes 2, 3, and 4 all include red onion as an ingredient.

Since Alice appears shocked after adding the red onion, it indicates that red onion is not part of the recipe she is attempting, implying she is making Recipe 1 but mistakenly added an extra ingredient.

Therefore, Alice is trying to cook Recipe 1.

**Output:** Recipe 1",Recipe 1,Recipe 3,Recipe 2,Recipe 1
